{
  "discoveryLink": "./apis/androidpublisher/v1/rest", 
  "kind": "discovery#directoryItem", 
  "description": "Lets Android application developers access their Google Play accounts.", 
  "title": "Google Play Android Developer API", 
  "discoveryRestUrl": "https://www.googleapis.com/discovery/v1/apis/androidpublisher/v1/rest", 
  "preferred": true, 
  "version": "v1", 
  "icons": {
    "x32": "http://www.google.com/images/icons/product/android-32.png", 
    "x16": "http://www.google.com/images/icons/product/android-16.png"
  }, 
  "documentationLink": "https://developers.google.com/android-publisher", 
  "id": "androidpublisher:v1", 
  "name": "androidpublisher", 
  "files": [
    {
      "downloadUrl": "/downloads/androidpublisher/v1/6/java/1.12.0-beta/google-api-services-androidpublisher-v1-rev6-1.12.0-beta.jar", 
      "path": "google-api-services-androidpublisher-v1-rev6-1.12.0-beta.jar", 
      "type": "binary", 
      "timestamp": "2013-01-18 00:26"
    }, 
    {
      "downloadUrl": "/downloads/androidpublisher/v1/6/java/1.12.0-beta/google-api-services-androidpublisher-v1-rev6-1.12.0-beta-javadoc.jar", 
      "path": "google-api-services-androidpublisher-v1-rev6-1.12.0-beta-javadoc.jar", 
      "type": "documentation", 
      "timestamp": "2013-01-18 00:26"
    }, 
    {
      "downloadUrl": "/downloads/androidpublisher/v1/6/java/1.12.0-beta/google-api-services-androidpublisher-v1-rev6-1.12.0-beta-sources.jar", 
      "path": "google-api-services-androidpublisher-v1-rev6-1.12.0-beta-sources.jar", 
      "type": "source", 
      "timestamp": "2013-01-18 00:26"
    }, 
    {
      "path": "google-api-services-androidpublisher-v1-rev6-1.12.0-beta.jar.properties", 
      "type": "android.properties"
    }
  ], 
  "revision": 6, 
  "language": "java", 
  "language_version": "1.12.0-beta", 
  "dependencies": [
    {
      "files": [
        {
          "downloadUrl": "http://google-api-java-client.googlecode.com/files/google-api-java-client-1.12.0-beta.zip", 
          "type": "bundle"
        }
      ], 
      "version": "1.12.0-beta", 
      "name": "Google API Java Client Bundle", 
      "environments": [
        "manual"
      ]
    }, 
    {
      "files": [
        {
          "path": "libs/google-api-client-1.12.0-beta.jar", 
          "type": "binary"
        }, 
        {
          "path": "libs-sources/google-api-client-1.12.0-beta-sources.jar", 
          "type": "source"
        }, 
        {
          "path": "dependencies/APACHE-LICENSE.txt", 
          "type": "license"
        }, 
        {
          "path": "libs/google-api-client-1.12.0-beta.jar.properties", 
          "type": "android-properties"
        }
      ], 
      "version": "1.12.0-beta", 
      "name": "Google APIs Client Library", 
      "environments": [
        "*"
      ]
    }, 
    {
      "files": [
        {
          "path": "libs/google-api-client-android-1.12.0-beta.jar", 
          "type": "binary"
        }, 
        {
          "path": "libs-sources/google-api-client-android-1.12.0-beta-sources.jar", 
          "type": "source"
        }, 
        {
          "path": "dependencies/APACHE-LICENSE.txt", 
          "type": "license"
        }, 
        {
          "path": "libs/google-api-client-android-1.12.0-beta.jar.properties", 
          "type": "android-properties"
        }
      ], 
      "version": "1.12.0-beta", 
      "name": "Android platform extensions to the Google APIs Client Library", 
      "environments": [
        "android"
      ]
    }, 
    {
      "files": [
        {
          "path": "libs/google-api-client-appengine-1.12.0-beta.jar", 
          "type": "binary"
        }, 
        {
          "path": "libs-sources/google-api-client-appengine-1.12.0-beta-sources.jar", 
          "type": "source"
        }, 
        {
          "path": "dependencies/APACHE-LICENSE.txt", 
          "type": "license"
        }
      ], 
      "version": "1.12.0-beta", 
      "name": "Google App Engine extensions to the Google APIs Client Library", 
      "environments": [
        "appengine"
      ]
    }, 
    {
      "files": [
        {
          "path": "libs/google-api-client-java6-1.12.0-beta.jar", 
          "type": "binary"
        }, 
        {
          "path": "libs-sources/google-api-client-java6-1.12.0-beta-sources.jar", 
          "type": "source"
        }, 
        {
          "path": "dependencies/APACHE-LICENSE.txt", 
          "type": "license"
        }
      ], 
      "version": "1.12.0-beta", 
      "name": "Java 6 (and higher) extensions to the Google APIs Client Library", 
      "environments": [
        "generic"
      ]
    }, 
    {
      "files": [
        {
          "path": "libs/google-oauth-client-1.12.0-beta.jar", 
          "type": "binary"
        }, 
        {
          "path": "libs-sources/google-oauth-client-1.12.0-beta-sources.jar", 
          "type": "source"
        }, 
        {
          "path": "dependencies/APACHE-LICENSE.txt", 
          "type": "license"
        }, 
        {
          "path": "libs/google-oauth-client-1.12.0-beta.jar.properties", 
          "type": "android-properties"
        }
      ], 
      "version": "1.12.0-beta", 
      "name": "Google OAuth Client Library", 
      "environments": [
        "*"
      ]
    }, 
    {
      "files": [
        {
          "path": "libs/google-oauth-client-appengine-1.12.0-beta.jar", 
          "type": "binary"
        }, 
        {
          "path": "libs-sources/google-oauth-client-appengine-1.12.0-beta-sources.jar", 
          "type": "source"
        }, 
        {
          "path": "dependencies/APACHE-LICENSE.txt", 
          "type": "license"
        }
      ], 
      "version": "1.12.0-beta", 
      "name": "Google App Engine extensions to the Google OAuth Client Library", 
      "environments": [
        "appengine"
      ]
    }, 
    {
      "files": [
        {
          "path": "libs/google-oauth-client-java6-1.12.0-beta.jar", 
          "type": "binary"
        }, 
        {
          "path": "libs-sources/google-oauth-client-java6-1.12.0-beta-sources.jar", 
          "type": "source"
        }, 
        {
          "path": "dependencies/APACHE-LICENSE.txt", 
          "type": "license"
        }
      ], 
      "version": "1.12.0-beta", 
      "name": "Java 6 (and higher) extensions to the Google OAuth Client Library", 
      "environments": [
        "generic"
      ]
    }, 
    {
      "files": [
        {
          "path": "libs/google-oauth-client-jetty-1.12.0-beta.jar", 
          "type": "binary"
        }, 
        {
          "path": "libs-sources/google-oauth-client-jetty-1.12.0-beta-sources.jar", 
          "type": "source"
        }, 
        {
          "path": "dependencies/APACHE-LICENSE.txt", 
          "type": "license"
        }
      ], 
      "version": "1.12.0-beta", 
      "name": "Jetty extensions to the Google OAuth Client Library", 
      "environments": [
        "generic"
      ]
    }, 
    {
      "files": [
        {
          "path": "libs/google-oauth-client-servlet-1.12.0-beta.jar", 
          "type": "binary"
        }, 
        {
          "path": "libs-sources/google-oauth-client-servlet-1.12.0-beta-sources.jar", 
          "type": "source"
        }, 
        {
          "path": "dependencies/APACHE-LICENSE.txt", 
          "type": "license"
        }
      ], 
      "version": "1.12.0-beta", 
      "name": "Servlet and JDO extensions to the Google OAuth Client Library", 
      "environments": [
        "appengine", 
        "servlet"
      ]
    }, 
    {
      "files": [
        {
          "path": "libs/google-http-client-1.12.0-beta.jar", 
          "type": "binary"
        }, 
        {
          "path": "libs-sources/google-http-client-1.12.0-beta-sources.jar", 
          "type": "source"
        }, 
        {
          "path": "dependencies/APACHE-LICENSE.txt", 
          "type": "license"
        }, 
        {
          "path": "libs/google-http-client-1.12.0-beta.jar.properties", 
          "type": "android-properties"
        }
      ], 
      "version": "1.12.0-beta", 
      "name": "Google HTTP Client Library", 
      "environments": [
        "*"
      ]
    }, 
    {
      "files": [
        {
          "path": "libs/google-http-client-android-1.12.0-beta.jar", 
          "type": "binary"
        }, 
        {
          "path": "libs-sources/google-http-client-android-1.12.0-beta-sources.jar", 
          "type": "source"
        }, 
        {
          "path": "dependencies/APACHE-LICENSE.txt", 
          "type": "license"
        }, 
        {
          "path": "libs/google-http-client-android-1.12.0-beta.jar.properties", 
          "type": "android-properties"
        }
      ], 
      "version": "1.12.0-beta", 
      "name": "Android platform extensions to the Google HTTP Client Library", 
      "environments": [
        "android"
      ]
    }, 
    {
      "files": [
        {
          "path": "libs/google-http-client-appengine-1.12.0-beta.jar", 
          "type": "binary"
        }, 
        {
          "path": "libs-sources/google-http-client-appengine-1.12.0-beta-sources.jar", 
          "type": "source"
        }, 
        {
          "path": "dependencies/APACHE-LICENSE.txt", 
          "type": "license"
        }
      ], 
      "version": "1.12.0-beta", 
      "name": "Google App Engine extensions to the Google HTTP Client Library", 
      "environments": [
        "appengine"
      ]
    }, 
    {
      "files": [
        {
          "path": "libs/google-http-client-gson-1.12.0-beta.jar", 
          "type": "binary"
        }, 
        {
          "path": "libs-sources/google-http-client-gson-1.12.0-beta-sources.jar", 
          "type": "source"
        }, 
        {
          "path": "dependencies/APACHE-LICENSE.txt", 
          "type": "license"
        }, 
        {
          "path": "libs/google-http-client-gson-1.12.0-beta.jar.properties", 
          "type": "android-properties"
        }
      ], 
      "version": "1.12.0-beta", 
      "name": "GSON extensions to the Google HTTP Client Library", 
      "environments": [
        "*"
      ]
    }, 
    {
      "files": [
        {
          "path": "libs/google-http-client-jackson-1.12.0-beta.jar", 
          "type": "binary"
        }, 
        {
          "path": "libs-sources/google-http-client-jackson-1.12.0-beta-sources.jar", 
          "type": "source"
        }, 
        {
          "path": "dependencies/APACHE-LICENSE.txt", 
          "type": "license"
        }, 
        {
          "path": "libs/google-http-client-jackson-1.12.0-beta.jar.properties", 
          "type": "android-properties"
        }
      ], 
      "version": "1.12.0-beta", 
      "name": "Jackson extensions to the Google HTTP Client Library", 
      "environments": [
        "*"
      ]
    }, 
    {
      "files": [
        {
          "path": "libs/google-http-client-jackson2-1.12.0-beta.jar", 
          "type": "binary"
        }, 
        {
          "path": "libs-sources/google-http-client-jackson2-1.12.0-beta-sources.jar", 
          "type": "source"
        }, 
        {
          "path": "dependencies/APACHE-LICENSE.txt", 
          "type": "license"
        }, 
        {
          "path": "libs/google-http-client-jackson2-1.12.0-beta.jar.properties", 
          "type": "android-properties"
        }
      ], 
      "version": "1.12.0-beta", 
      "name": "Jackson 2 extensions to the Google HTTP Client Library", 
      "environments": [
        "*"
      ]
    }, 
    {
      "files": [
        {
          "path": "libs/commons-logging-1.1.1.jar", 
          "type": "binary"
        }, 
        {
          "path": "libs-sources/commons-logging-1.1.1-sources.jar", 
          "type": "source"
        }, 
        {
          "path": "dependencies/APACHE-LICENSE.txt", 
          "type": "license"
        }
      ], 
      "version": "1.1.1", 
      "name": "Commons Logging", 
      "environments": [
        "servlet", 
        "generic"
      ]
    }, 
    {
      "files": [
        {
          "path": "libs/guava-jdk5-13.0.jar", 
          "type": "binary"
        }, 
        {
          "path": "libs-sources/guava-jdk5-13.0-sources.jar", 
          "type": "source"
        }, 
        {
          "path": "dependencies/APACHE-LICENSE.txt", 
          "type": "license"
        }, 
        {
          "path": "libs/guava-jdk5-13.0.jar.properties", 
          "type": "android-properties"
        }
      ], 
      "version": "jdk5-13.0", 
      "name": "Google Guava", 
      "environments": [
        "*"
      ]
    }, 
    {
      "files": [
        {
          "path": "libs/gson-2.1.jar", 
          "type": "binary"
        }, 
        {
          "path": "libs-sources/gson-2.1-sources.jar", 
          "type": "source"
        }, 
        {
          "path": "dependencies/APACHE-LICENSE.txt", 
          "type": "license"
        }, 
        {
          "path": "libs/gson-2.1.jar.properties", 
          "type": "android-properties"
        }
      ], 
      "version": "2.1", 
      "name": "GSON", 
      "environments": [
        "*"
      ]
    }, 
    {
      "files": [
        {
          "path": "libs/httpclient-4.0.3.jar", 
          "type": "binary"
        }, 
        {
          "path": "libs-sources/httpclient-4.0.3-sources.jar", 
          "type": "source"
        }, 
        {
          "path": "dependencies/APACHE-LICENSE.txt", 
          "type": "license"
        }
      ], 
      "version": "4.0.3", 
      "name": "HTTP Client", 
      "environments": [
        "servlet", 
        "generic"
      ]
    }, 
    {
      "files": [
        {
          "path": "libs/httpcore-4.0.1.jar", 
          "type": "binary"
        }, 
        {
          "path": "libs-sources/httpcore-4.0.1-sources.jar", 
          "type": "source"
        }, 
        {
          "path": "dependencies/APACHE-LICENSE.txt", 
          "type": "license"
        }
      ], 
      "version": "4.0.1", 
      "name": "HTTP Core", 
      "environments": [
        "servlet", 
        "generic"
      ]
    }, 
    {
      "files": [
        {
          "path": "libs/jackson-core-asl-1.9.9.jar", 
          "type": "binary"
        }, 
        {
          "path": "libs-sources/jackson-core-asl-1.9.9-sources.jar", 
          "type": "source"
        }, 
        {
          "path": "dependencies/APACHE-LICENSE.txt", 
          "type": "license"
        }, 
        {
          "path": "libs/jackson-core-asl-1.9.9.jar.properties", 
          "type": "android-properties"
        }
      ], 
      "version": "1.9.9", 
      "name": "Jackson Core ASL", 
      "environments": [
        "*"
      ]
    }, 
    {
      "files": [
        {
          "path": "libs/jackson-core-2.0.5.jar", 
          "type": "binary"
        }, 
        {
          "path": "libs-sources/jackson-core-2.0.5-sources.jar", 
          "type": "source"
        }, 
        {
          "path": "dependencies/APACHE-LICENSE.txt", 
          "type": "license"
        }, 
        {
          "path": "libs/jackson-core-2.0.5.jar.properties", 
          "type": "android-properties"
        }
      ], 
      "version": "2.0.5", 
      "name": "Jackson2 Core", 
      "environments": [
        "*"
      ]
    }, 
    {
      "files": [
        {
          "path": "libs/jdo2-api-2.3-eb.jar", 
          "type": "binary"
        }, 
        {
          "path": "libs-sources/jdo2-api-2.3-eb-sources.jar", 
          "type": "source"
        }, 
        {
          "path": "dependencies/APACHE-LICENSE.txt", 
          "type": "license"
        }
      ], 
      "version": "2.3-eb", 
      "name": "JDO2 API", 
      "environments": [
        "appengine", 
        "servlet"
      ]
    }, 
    {
      "files": [
        {
          "path": "libs/jetty-6.1.26.jar", 
          "type": "binary"
        }, 
        {
          "path": "libs-sources/jetty-6.1.26-sources.jar", 
          "type": "source"
        }, 
        {
          "path": "dependencies/APACHE-LICENSE.txt", 
          "type": "license"
        }
      ], 
      "version": "6.1.26", 
      "name": "Jetty", 
      "environments": [
        "generic"
      ]
    }, 
    {
      "files": [
        {
          "path": "libs/jetty-util-6.1.26.jar", 
          "type": "binary"
        }, 
        {
          "path": "libs-sources/jetty-util-6.1.26-sources.jar", 
          "type": "source"
        }, 
        {
          "path": "dependencies/APACHE-LICENSE.txt", 
          "type": "license"
        }
      ], 
      "version": "6.1.26", 
      "name": "Jetty Util", 
      "environments": [
        "generic"
      ]
    }, 
    {
      "files": [
        {
          "path": "libs/jsr305-1.3.9.jar", 
          "type": "binary"
        }, 
        {
          "path": "dependencies/APACHE-LICENSE.txt", 
          "type": "license"
        }
      ], 
      "version": "1.3.9", 
      "name": "JSR 305", 
      "environments": [
        "*"
      ]
    }, 
    {
      "files": [
        {
          "path": "libs/transaction-api-1.1.jar", 
          "type": "binary"
        }, 
        {
          "path": "libs-sources/transaction-api-1.1-sources.jar", 
          "type": "source"
        }, 
        {
          "path": "dependencies/CDDL-LICENSE.txt", 
          "type": "license"
        }
      ], 
      "version": "1.1", 
      "name": "Transaction API", 
      "environments": [
        "appengine", 
        "servlet"
      ]
    }, 
    {
      "files": [
        {
          "path": "libs/xpp3-1.1.4c.jar", 
          "type": "binary"
        }, 
        {
          "path": "libs-sources/xpp3-1.1.4c-sources.jar", 
          "type": "source"
        }, 
        {
          "path": "dependencies/xpp3_LICENSE.txt", 
          "type": "license"
        }
      ], 
      "version": "1.1.4c", 
      "name": "XPP3", 
      "environments": [
        "appengine", 
        "servlet", 
        "generic"
      ]
    }
  ], 
  "proguard-config": "proguard-google-api-client.txt", 
  "icon_files": {
    "x32": "icons/android-32.png", 
    "x16": "icons/android-16.png"
  }
}